<?xml version="1.0" encoding="UTF-8" standalone="no" ?><CAERep ObjId="80" Type="CAERep" Ver="2"><DSEnvironmentID PropType="int">38</DSEnvironmentID><ExternalProductVersion PropType="string">2023 R2</ExternalProductVersion><Goal PropType="string">RunSolver</Goal><HasBetaKeyOn PropType="bool">false</HasBetaKeyOn><InProcess PropType="bool">true</InProcess><LastDatabaseId PropType="unsigned int">125</LastDatabaseId><NumProcessorsForPost PropType="int">0</NumProcessorsForPost><PID_Legacy_Solve PropType="int">0</PID_Legacy_Solve><PartialCode PropType="int">1</PartialCode><ProductVersion PropType="string">23.2 RELEASE</ProductVersion><ProductVersionForSec PropType="string">23.2</ProductVersionForSec><ProjectName PropType="string">222--Steady-State Thermal (A5)</ProjectName><ReturnCode PropType="int">1</ReturnCode><SolveInvokedFromAddin PropType="int">0</SolveInvokedFromAddin><SysvarMap PropType="map&lt;string,string>"><Entry key="DSSolver ProgId">AMKSolver.AMKSolver.232</Entry></SysvarMap><EngineeringRep ObjId="81" Type="EngineeringRep" Ver="2"><BCRep ObjId="84" Type="BCRep" Ver="2"><StepEndTimes PropType="vector&lt;double>" UCat="Time" Unt="s">    1</StepEndTimes><InitialConditionsRep ObjId="41" Type="CAERepBase" Ver="2"><InitialTemperature PropType="double" UCat="Temperature" Unt="degree C">   22</InitialTemperature></InitialConditionsRep><ContactRep ObjId="32" Type="ContactRep" Ver="3"><Behavior PropType="string">ProgramControlled</Behavior><Breakable PropType="string">No</Breakable><Caption PropType="string">Contact Region</Caption><CondensedPartId PropType="int">0</CondensedPartId><DecayConstant PropType="double">    0</DecayConstant><DetectionMethod PropType="string">ProgramControlled</DetectionMethod><DynamicCoefficient PropType="double">    0</DynamicCoefficient><Formulation PropType="string">ProgramControlledContact</Formulation><IsNative PropType="bool">true</IsNative><IsPromoted PropType="bool">false</IsPromoted><MaximumOffset PropType="double" UCat="Length" Unt="m">1e-07</MaximumOffset><Restitution PropType="double">    1</Restitution><Scoping PropType="vector&lt;string>">33,34</Scoping><ScopingSubset0 PropType="vector&lt;string>">33</ScopingSubset0><ScopingSubset1 PropType="vector&lt;string>">34</ScopingSubset1><SmallSliding PropType="string">ProgramControlled</SmallSliding><SourceBodyIds PropType="vector&lt;unsigned int>">10,10,10,10</SourceBodyIds><StaticCoefficient PropType="double">    0</StaticCoefficient><TargetBodyIds PropType="vector&lt;unsigned int>">32,32,32,32</TargetBodyIds><TrimTolerance PropType="double" UCat="Length" Unt="m">0.0008792552773687499</TrimTolerance><TrimType PropType="string">ProgramControlled</TrimType><Type PropType="string">Bonded</Type><UseAutoElasticSlipTolerance PropType="string">ProgramControlled</UseAutoElasticSlipTolerance><SourceReference ObjId="109" Type="CAERepBase" Ver="2"><ReferenceId PropType="unsigned int">12</ReferenceId><ReferenceType PropType="vector&lt;string>">Cylinder,Face</ReferenceType></SourceReference><SourceReference ObjId="110" Type="CAERepBase" Ver="2"><ReferenceId PropType="unsigned int">14</ReferenceId><ReferenceType PropType="vector&lt;string>">Face,Torus</ReferenceType></SourceReference><SourceReference ObjId="111" Type="CAERepBase" Ver="2"><ReferenceId PropType="unsigned int">16</ReferenceId><ReferenceType PropType="vector&lt;string>">Face,Torus</ReferenceType></SourceReference><SourceReference ObjId="112" Type="CAERepBase" Ver="2"><ReferenceId PropType="unsigned int">18</ReferenceId><ReferenceType PropType="vector&lt;string>">Cylinder,Face</ReferenceType></SourceReference><TargetReference ObjId="113" Type="CAERepBase" Ver="2"><ReferenceId PropType="unsigned int">33</ReferenceId><ReferenceType PropType="vector&lt;string>">Cylinder,Face</ReferenceType></TargetReference><TargetReference ObjId="114" Type="CAERepBase" Ver="2"><ReferenceId PropType="unsigned int">35</ReferenceId><ReferenceType PropType="vector&lt;string>">Face,Torus</ReferenceType></TargetReference><TargetReference ObjId="115" Type="CAERepBase" Ver="2"><ReferenceId PropType="unsigned int">37</ReferenceId><ReferenceType PropType="vector&lt;string>">Face,Torus</ReferenceType></TargetReference><TargetReference ObjId="116" Type="CAERepBase" Ver="2"><ReferenceId PropType="unsigned int">39</ReferenceId><ReferenceType PropType="vector&lt;string>">Cylinder,Face</ReferenceType></TargetReference><Pinball ObjId="108" Type="Pinball" Ver="2"><Type PropType="string">ProgramControlled</Type></Pinball><ProgramControlledContact ObjId="107" Type="ProgramControlledContact" Ver="2"><UpdateStiffness PropType="string">Never</UpdateStiffness><UseAutoElectricalConductance PropType="bool">true</UseAutoElectricalConductance><UseAutoNormalStiffness PropType="bool">true</UseAutoNormalStiffness><UseAutoThermalConductance PropType="bool">true</UseAutoThermalConductance></ProgramControlledContact></ContactRep><Convection ObjId="51" Type="Convection" Ver="2"><Caption PropType="string">Convection</Caption><ConvectionMatrix PropType="int">0</ConvectionMatrix><HasFluidFlow PropType="bool">false</HasFluidFlow><Scoping PropType="vector&lt;string>">52</Scoping><Type PropType="string">Surface</Type><LoadStep ObjId="117" Type="LoadStep" Ver="2"><ActiveBitmask PropType="vector&lt;int>">63</ActiveBitmask><IsActive PropType="vector&lt;bool>">true</IsActive><Number PropType="vector&lt;int>"/></LoadStep><Magnitude ObjId="118" Type="Table" Ver="2"><StepNumber PropType="vector&lt;int>">1,1</StepNumber><Time PropType="vector&lt;double>" UCat="Time" Unt="s">    0,    1</Time><Values PropType="vector&lt;double>" UCat="Temperature" Unt="degree C">   20,   20</Values></Magnitude><Scalar2 ObjId="119" Type="Table" Ver="2"><StepNumber PropType="vector&lt;int>">1,1</StepNumber><Time PropType="vector&lt;double>" UCat="Time" Unt="s">    0,    1</Time><Values PropType="vector&lt;double>" UCat="FilmCoeff" Unt="W m^-2 degree C^-1">  3.8,  3.8</Values></Scalar2></Convection><Convection ObjId="53" Type="Convection" Ver="2"><Caption PropType="string">Convection 2</Caption><ConvectionMatrix PropType="int">0</ConvectionMatrix><HasFluidFlow PropType="bool">false</HasFluidFlow><Scoping PropType="vector&lt;string>">54</Scoping><Type PropType="string">Surface</Type><LoadStep ObjId="120" Type="LoadStep" Ver="2"><ActiveBitmask PropType="vector&lt;int>">63</ActiveBitmask><IsActive PropType="vector&lt;bool>">true</IsActive><Number PropType="vector&lt;int>"/></LoadStep><Magnitude ObjId="121" Type="Table" Ver="2"><StepNumber PropType="vector&lt;int>">1,1</StepNumber><Time PropType="vector&lt;double>" UCat="Time" Unt="s">    0,    1</Time><Values PropType="vector&lt;double>" UCat="Temperature" Unt="degree C">  155,  155</Values></Magnitude><Scalar2 ObjId="122" Type="Table" Ver="2"><StepNumber PropType="vector&lt;int>">1,1</StepNumber><Time PropType="vector&lt;double>" UCat="Time" Unt="s">    0,    1</Time><Values PropType="vector&lt;double>" UCat="FilmCoeff" Unt="W m^-2 degree C^-1">   20,   20</Values></Scalar2></Convection></BCRep><GeometryAttributes ObjId="82" Type="GeometryAttributes" Ver="2"><AssemblyAttributes ObjId="83" Type="AssemblyAttributes" Ver="2"><ElementOptionControl PropType="string">ProgramControlled</ElementOptionControl><GeometrySource PropType="string">\\andrew.ad.cmu.edu\users\users24\lleng\Desktop\HW1\222_files\dp0\SYS\DM\SYS.scdoc</GeometrySource><Is2DAnalysis PropType="bool">false</Is2DAnalysis><IsMixedDimension PropType="bool">false</IsMixedDimension><PartAttributes ObjId="19" Type="PartAttributes" Ver="2"><Caption PropType="string">SYS</Caption><Mass PropType="double" UCat="Mass" Unt="kg">5.491185162427747</Mass><PartId PropType="unsigned int">3</PartId><BodyAttributes ObjId="20" Type="BodyAttributes" Ver="2"><AreNonLinearEffectsOn PropType="bool">true</AreNonLinearEffectsOn><BoundingBoxDiagonal PropType="double" UCat="Length" Unt="m">0.3437106543254483</BoundingBoxDiagonal><Caption PropType="string">SYS\Solid</Caption><ElementCoordSysId PropType="unsigned int">30</ElementCoordSysId><GeometryType PropType="string">Solid</GeometryType><Mass PropType="double" UCat="Mass" Unt="kg">5.491185162427747</Mass><ProtoReferenceId PropType="unsigned int">10</ProtoReferenceId><StiffnessBehavior PropType="string">Deformable</StiffnessBehavior><ThermalStrainCalculation PropType="bool">true</ThermalStrainCalculation><Centroid ObjId="91" Type="DSGePoint3d" Ver="3"><Coordinates PropType="vector&lt;double>" UCat="Length" Unt="m">-6.273432536248613e-06,-4.455825538498201e-07,5.757792491407936e-06</Coordinates></Centroid><MassMomentOfInertia ObjId="90" Type="MassMomentOfInertia" Ver="2"><Ixx PropType="double" UCat="MomentInertiaMass" Unt="kg m^2">0.04503307902537818</Ixx><Iyy PropType="double" UCat="MomentInertiaMass" Unt="kg m^2">0.04525505453899432</Iyy><Izz PropType="double" UCat="MomentInertiaMass" Unt="kg m^2">0.009106104024966834</Izz></MassMomentOfInertia><MaterialRep ObjId="89" Type="MaterialRep" Ver="2"><MaterialName PropType="string">Gray Cast Iron</MaterialName><ReferenceTemperature PropType="double" UCat="Temperature" Unt="Celsius">   22</ReferenceTemperature><RelaxationTemperature PropType="double" UCat="Temperature" Unt="Celsius">    0</RelaxationTemperature><UnitSystem PropType="int">0</UnitSystem><UseReferenceTemperature PropType="bool">false</UseReferenceTemperature><UseRelaxationTemperature PropType="bool">false</UseRelaxationTemperature></MaterialRep></BodyAttributes><Centroid ObjId="92" Type="DSGePoint3d" Ver="3"><Coordinates PropType="vector&lt;double>" UCat="Length" Unt="m">-6.273432536248613e-06,-4.455825538498201e-07,5.757792491407936e-06</Coordinates></Centroid><MassMomentOfInertia ObjId="93" Type="MassMomentOfInertia" Ver="2"><Ixx PropType="double" UCat="MomentInertiaMass" Unt="kg m^2">0.04503307902537818</Ixx><Iyy PropType="double" UCat="MomentInertiaMass" Unt="kg m^2">0.04525505453899432</Iyy><Izz PropType="double" UCat="MomentInertiaMass" Unt="kg m^2">0.009106104024966834</Izz><CoordinateSystemRep ObjId="94" Type="CoordinateSystemRep" Ver="3"><Caption PropType="string">Undefined</Caption><CoordSystemIndex PropType="unsigned int">0</CoordSystemIndex><IsGlobal PropType="bool">false</IsGlobal><Param1 PropType="double">    1</Param1><Param2 PropType="double">    1</Param2><Singularity1 PropType="int">0</Singularity1><Singularity2 PropType="int">0</Singularity2><SolverCoordNumber PropType="unsigned int">0</SolverCoordNumber><Type PropType="string">Cartesian</Type><DSGePoint3d ObjId="96" Type="DSGePoint3d" Ver="3"><Coordinates PropType="vector&lt;double>" UCat="Length" Unt="m">-6.273432536248613e-06,-4.455825538498201e-07,5.757792491407936e-06</Coordinates></DSGePoint3d><Matrix3X3 ObjId="95" Type="Matrix3X3" Ver="2"><IsOrthogonal PropType="bool">false</IsOrthogonal><Row0 PropType="vector&lt;double>">0.8961606586807948,0.002567769936991478,0.4437223009837966</Row0><Row1 PropType="vector&lt;double>">-0.002294584018117308,0.9999967031641264,-0.001152625291239711</Row1><Row2 PropType="vector&lt;double>">-0.4437237977807681,1.477933988986495e-05,0.8961635961500461</Row2></Matrix3X3></CoordinateSystemRep></MassMomentOfInertia></PartAttributes><PartAttributes ObjId="22" Type="PartAttributes" Ver="2"><Caption PropType="string">SYS</Caption><Mass PropType="double" UCat="Mass" Unt="kg">    0</Mass><PartId PropType="unsigned int">5</PartId><BodyAttributes ObjId="23" Type="BodyAttributes" Ver="2"><AreNonLinearEffectsOn PropType="bool">true</AreNonLinearEffectsOn><BoundingBoxDiagonal PropType="double" UCat="Length" Unt="m">0.3517021109475</BoundingBoxDiagonal><Caption PropType="string">SYS\Solid</Caption><ElementCoordSysId PropType="unsigned int">30</ElementCoordSysId><GeometryType PropType="string">Solid</GeometryType><Mass PropType="double" UCat="Mass" Unt="kg">    0</Mass><ProtoReferenceId PropType="unsigned int">32</ProtoReferenceId><StiffnessBehavior PropType="string">Deformable</StiffnessBehavior><ThermalStrainCalculation PropType="bool">true</ThermalStrainCalculation><Centroid ObjId="99" Type="DSGePoint3d" Ver="3"><Coordinates PropType="vector&lt;double>" UCat="Length" Unt="m">-1.69568232728491e-06,1.398014544435196e-10,5.245594046879125e-06</Coordinates></Centroid><MassMomentOfInertia ObjId="98" Type="MassMomentOfInertia" Ver="2"><Ixx PropType="double" UCat="MomentInertiaMass" Unt="kg m^2">    0</Ixx><Iyy PropType="double" UCat="MomentInertiaMass" Unt="kg m^2">    0</Iyy><Izz PropType="double" UCat="MomentInertiaMass" Unt="kg m^2">    0</Izz></MassMomentOfInertia><MaterialRep ObjId="97" Type="MaterialRep" Ver="2"><MaterialName PropType="string">Foam Insulation</MaterialName><ReferenceTemperature PropType="double" UCat="Temperature" Unt="Celsius">   22</ReferenceTemperature><RelaxationTemperature PropType="double" UCat="Temperature" Unt="Celsius">    0</RelaxationTemperature><UnitSystem PropType="int">0</UnitSystem><UseReferenceTemperature PropType="bool">false</UseReferenceTemperature><UseRelaxationTemperature PropType="bool">false</UseRelaxationTemperature></MaterialRep></BodyAttributes><Centroid ObjId="100" Type="DSGePoint3d" Ver="3"><Coordinates PropType="vector&lt;double>" UCat="Length" Unt="m">-1.69568232728491e-06,1.398014544435196e-10,5.245594046879125e-06</Coordinates></Centroid><MassMomentOfInertia ObjId="101" Type="MassMomentOfInertia" Ver="2"><Ixx PropType="double" UCat="MomentInertiaMass" Unt="kg m^2">    0</Ixx><Iyy PropType="double" UCat="MomentInertiaMass" Unt="kg m^2">    0</Iyy><Izz PropType="double" UCat="MomentInertiaMass" Unt="kg m^2">    0</Izz><CoordinateSystemRep ObjId="102" Type="CoordinateSystemRep" Ver="3"><Caption PropType="string">Undefined</Caption><CoordSystemIndex PropType="unsigned int">0</CoordSystemIndex><IsGlobal PropType="bool">false</IsGlobal><Param1 PropType="double">    1</Param1><Param2 PropType="double">    1</Param2><Singularity1 PropType="int">0</Singularity1><Singularity2 PropType="int">0</Singularity2><SolverCoordNumber PropType="unsigned int">0</SolverCoordNumber><Type PropType="string">Cartesian</Type><DSGePoint3d ObjId="104" Type="DSGePoint3d" Ver="3"><Coordinates PropType="vector&lt;double>" UCat="Length" Unt="m">-1.69568232728491e-06,1.398014544435196e-10,5.245594046879125e-06</Coordinates></DSGePoint3d><Matrix3X3 ObjId="103" Type="Matrix3X3" Ver="2"><IsOrthogonal PropType="bool">false</IsOrthogonal><Row0 PropType="vector&lt;double>">0.8865159905271427,5.897482887548594e-11,0.462697956057382</Row0><Row1 PropType="vector&lt;double>">-5.213422202525923e-11,    1,-2.757091798092837e-11</Row1><Row2 PropType="vector&lt;double>">-0.462697956057382,3.19661691876132e-13,0.8865159905271427</Row2></Matrix3X3></CoordinateSystemRep></MassMomentOfInertia></PartAttributes></AssemblyAttributes></GeometryAttributes><ServiceRep ObjId="85" Type="ServiceRep" Ver="2"><CoordinateSystemRep ObjId="30" Type="CoordinateSystemRep" Ver="3"><Caption PropType="string">Global Coordinate System</Caption><CoordSystemIndex PropType="unsigned int">0</CoordSystemIndex><IsGlobal PropType="bool">true</IsGlobal><Param1 PropType="double">    1</Param1><Param2 PropType="double">    1</Param2><Singularity1 PropType="int">0</Singularity1><Singularity2 PropType="int">0</Singularity2><SolverCoordNumber PropType="int">0</SolverCoordNumber><Type PropType="string">Cartesian</Type><DSGePoint3d ObjId="106" Type="DSGePoint3d" Ver="3"><Coordinates PropType="vector&lt;double>" UCat="Length" Unt="m">    0,    0,    0</Coordinates></DSGePoint3d><Matrix3X3 ObjId="105" Type="Matrix3X3" Ver="2"><IsOrthogonal PropType="bool">false</IsOrthogonal><Row0 PropType="vector&lt;double>">    1,    0,    0</Row0><Row1 PropType="vector&lt;double>">    0,    1,    0</Row1><Row2 PropType="vector&lt;double>">    0,    0,    1</Row2></Matrix3X3></CoordinateSystemRep></ServiceRep></EngineeringRep><GeometryRep ObjId="88" Type="GeometryRep" Ver="2"><ActiveAssembly PropType="unsigned int">1</ActiveAssembly><PartsAssembly PropType="string">00000000029C0408</PartsAssembly><Units PropType="string">m</Units></GeometryRep><MaterialLibraryRep ObjId="87" Type="MaterialLibraryRep" Ver="2"><FileName PropType="string">MatML.xml</FileName></MaterialLibraryRep><MeshRep ObjId="86" Type="MeshRep" Ver="2"><AssemblyMesh PropType="string">000000003C8BEC88</AssemblyMesh><Configuration PropType="unsigned int">66</Configuration><IndependentMesh PropType="string">IndependentMesh.bin</IndependentMesh><RigidBodyBehavior PropType="string">DimensionallyReduced</RigidBodyBehavior><Units PropType="string">m</Units></MeshRep><SolverRep ObjId="123" Type="SolverRep" Ver="2"><AnalysisType PropType="string">Static</AnalysisType><PhysicsType PropType="string">Thermal</PhysicsType><SolverTargetName PropType="string">ANSYS</SolverTargetName><SolverUnits PropType="int">11</SolverUnits><UnknownPointerId PropType="string">0000000007E3DE50</UnknownPointerId><FEConnectorsRep ObjId="40" Type="FEConnectorsRep" Ver="2"><StepSelection PropType="int">0</StepSelection></FEConnectorsRep><FileManagementRep ObjId="125" Type="FileManagementRep" Ver="2"><DeleteUnneededFiles PropType="bool">true</DeleteUnneededFiles><SolverFileDirectory PropType="string"/><SolverFileRelativeDirectory PropType="string"/></FileManagementRep><ProcessControls ObjId="124" Type="ProcessControls" Ver="2"><DistributedSolve PropType="bool">true</DistributedSolve><IsLocal PropType="bool">true</IsLocal><IsRSMSolve PropType="bool">false</IsRSMSolve><ManualMemorySettings PropType="bool">false</ManualMemorySettings><MaxProcessors PropType="int">4</MaxProcessors></ProcessControls><AnalysisSettings CAEType="extObj"><StaticThermalSettings version="1.0"><StepControls version="1.0"><EndTime>1.</EndTime><TimeStepOptions version="1.0"><AutoTimeSteppingType>ProgramControlled</AutoTimeSteppingType></TimeStepOptions><NonlinearControls version="1.0"><Heat><ProgramControlled/></Heat><Temperature><ProgramControlled/></Temperature><LineSearch>ProgramControlled</LineSearch></NonlinearControls><OutputControls version="1.0"><Contact>false</Contact><ThermalFlux>true</ThermalFlux><TimePointsOptions>All</TimePointsOptions><MaxNumberofResultSets>1000</MaxNumberofResultSets><GeneralMisc>false</GeneralMisc><HeatGenerationRate>false</HeatGenerationRate><ElementContactData>true</ElementContactData><ElementEulerAngles>true</ElementEulerAngles><ElementEnergies>true</ElementEnergies><ElementEnergies>true</ElementEnergies><ResultSetsType>Auto</ResultSetsType><CacheResultsInMemoryType>Never</CacheResultsInMemoryType><StoreModalResult>ProgramControlled</StoreModalResult><ExpandResultFrom>ProgramControlled</ExpandResultFrom><ProgControlledExpansion>Unknown</ProgControlledExpansion><NodalForcesType>No</NodalForcesType><CalculateParticipationFactorResult>ProgramControlled</CalculateParticipationFactorResult><CombineResultFiles>ProgramControlled</CombineResultFiles><ResultFileCompression>ProgramControlled</ResultFileCompression><TimePointsOptions>All</TimePointsOptions><ResultSets></ResultSets></OutputControls><CreepControls version="1.0"><CreepActivation/><CreepLimitRatio>1.</CreepLimitRatio></CreepControls><NonlinearAdaptivityControls version="3.0"><NLADHasMesh>0.</NLADHasMesh><NLADRefinementAlgorithm>0.</NLADRefinementAlgorithm><NLADRemeshingGradient>3.</NLADRemeshingGradient><NLADNumSculptedLayers>2.</NLADNumSculptedLayers><NLADNumSculptedLayersVal2>2.</NLADNumSculptedLayersVal2><NLADBoundaryAngle>15.</NLADBoundaryAngle><NLADRemeshingTolerance>5.e-002</NLADRemeshingTolerance><NLADRemeshingToleranceVal2>0.5</NLADRemeshingToleranceVal2><NLADGlobalSizeRatio>1.</NLADGlobalSizeRatio><NLADGlobalSizeRatioVal2>0.75</NLADGlobalSizeRatioVal2><NLADEdgeSplitAngle>10.</NLADEdgeSplitAngle><NLADLocalSizeRatio>1.</NLADLocalSizeRatio><NLADAggressiveRemeshing>0.</NLADAggressiveRemeshing><NLADProjectToGeometry>0.</NLADProjectToGeometry><MinimumElementSize>0.</MinimumElementSize></NonlinearAdaptivityControls><LoadCaseIdentifier></LoadCaseIdentifier></StepControls><SolverControls version="1.0"><SolverType><ProgramControlled/></SolverType><SolverPivotChecking>ProgramControlled</SolverPivotChecking><ContactSplit><ProgramControlled/></ContactSplit><EnablesCatCoupling>false</EnablesCatCoupling></SolverControls><SolverFileControls version="1.0"><SolverEngineType>ANSYS</SolverEngineType><SolverUnits>11</SolverUnits><SolverFilesDirectory>\\andrew.ad.cmu.edu\users\users24\lleng\Desktop\HW1\222_files\dp0\SYS\MECH\</SolverFilesDirectory><SolverJobname>file</SolverJobname><ScratchSolverFilesDirectory>\\andrew.ad.cmu.edu\users\users24\lleng\Desktop\HW1\_ProjectScratch\Scr2336\</ScratchSolverFilesDirectory><AdditionalList></AdditionalList><SaveANSYSDB>false</SaveANSYSDB><ContactSummary>kAnalysisSettingsContactSummaryProgramControlled</ContactSummary><DeleteUnusedFiles>true</DeleteUnusedFiles><ResultFile>file.rth</ResultFile></SolverFileControls><RadiosityControls version="1.0"><Activation><Value>0</Value></Activation><FluxConvergence><Value>1.e-004</Value></FluxConvergence><MaxIteration><Value>1000</Value></MaxIteration><RadiosityTolerance><Value>0.1</Value></RadiosityTolerance><RadiosityRelaxation><Value>0.1</Value></RadiosityRelaxation><HemicubeResolution><Value>10</Value></HemicubeResolution><NumDivisions><Value>20</Value></NumDivisions><ViewHidden><Value>0</Value></ViewHidden><NumberZones><Value>200</Value></NumberZones></RadiosityControls><FractureControls version="1.0"><FractureSolverControls><HasSMARTCrackGrowth>false</HasSMARTCrackGrowth></FractureSolverControls></FractureControls></StaticThermalSettings></AnalysisSettings></SolverRep></CAERep>